"","Substrate","SS","MS","NumDF","DenDF","F","P"
"1","Coral",317.948978674942,158.974489337471,2,20.000000079577,9.99771066354282,0.000977681036633844
"2","Algae",141.584954598332,70.7924772991659,2,20.0000000221111,9.0400011742643,0.00159709331136657
"3","Rubble",30.3660486259547,15.1830243129773,2,22.0000000244619,6.75926688683287,0.00514806668162347
"4","Sand",389.62720839939,194.813604199695,2,20.0000025178478,34.4687338912383,3.30713530451219e-07
"5","Mixed",17.2990738308727,8.64953691543633,2,102.999999989219,0.587495471809454,0.557568585193905
