"","Substrate","SS","MS","NumDF","DenDF","F","P"
"1","Coral",1228.12067705248,614.060338526242,2,28.0000002332233,3.25500327414748,0.053577427090789
"2","Algae",830.864257805461,415.432128902731,2,27.9999999334138,2.85952720142289,0.0741236882196297
"3","Rubble",32.3573113593872,16.1786556796936,2,27.9999999503507,0.908630028483021,0.414633297075946
"4","Sand",2141.39793585117,1070.69896792559,2,27.9999999295956,18.4803641679518,7.64011763262893e-06
"5","Mixed",1638.88264484449,819.441322422247,2,136.000000079985,12.7565399531839,8.36608455879746e-06
