"","Substrate","SS","MS","NumDF","DenDF","F","P"
"1","Coral",31.5274867238657,15.7637433619328,2,53.9999999176026,0.124462206630848,0.88322418738608
"2","Algae",10.3912073248095,5.19560366240477,2,51.9999999952176,0.0476119693087366,0.953545221485586
"3","Rubble",25.9330542781411,12.9665271390705,2,52.000000171201,1.1382150330313,0.328241723741381
"4","Sand",80.390677518764,40.195338759382,2,51.9999986690787,0.758818423778308,0.473333017725135
"5","Mixed",87.9856509847137,43.9928254923569,2,240.999999816527,0.959677735970107,0.38447504059099
