,Substrate,SS,MS,NumDF,DenDF,F,P
1,Coral,142.4948542,71.24742711,2,19.99999792,13.8196953,0.000170074
2,Algae,17.26608493,8.633042465,2,21.99999911,4.379528274,0.025057999
3,Rubble,1.72257062,0.86128531,2,22.00000103,1.212653748,0.316525752
4,Sand,23.63155727,11.81577863,2,19.99999948,6.152539284,0.008271646
5,Mixed,124.0488536,62.0244268,2,102.9999981,43.79821543,1.72E-14
