"","Substrate","SS","MS","NumDF","DenDF","F","P"
"1","Coral",136.844724514467,68.4223622572333,2,20.0000001649643,13.570197325038,0.00018895909759859
"2","Algae",21.7279980901151,10.8639990450576,2,21.9999999169584,5.63235290750306,0.0105883657204517
"3","Rubble",1.6296520894544,0.814826044727202,2,22.0000001061348,1.1762440550812,0.327094129082266
"4","Sand",27.7574771704795,13.8787385852398,2,20.0000000318142,6.34593074591727,0.00734350599099428
"5","Mixed",134.501560496892,67.2507802484458,2,103.000000018686,44.8852012800846,9.58382390339748e-15
