"","Substrate","SS","MS","NumDF","DenDF","F","P"
"1","Coral",302.576083661917,151.288041830959,2,27.9999996610186,16.9038598517378,1.5332548910482e-05
"2","Algae",54.4714287017368,27.2357143508684,2,30.0000000000602,29.965409716786,7.0500234427434e-08
"3","Rubble",5.41789445414642,2.70894722707321,2,30.0000000003192,4.06825234501415,0.0273341470258694
"4","Sand",37.1148203997419,18.5574101998709,2,28.0000001798532,3.28334163844318,0.0523605853466913
"5","Mixed",129.550818913848,64.7754094569242,2,135.999999860302,34.0565244854737,1.02195883968181e-12
