"","Substrate","SS","MS","NumDF","DenDF","F","P"
"1","Coral",431.956480148574,215.978240074287,2,51.9999995142815,29.7345481768711,2.45510723987432e-09
"2","Algae",66.8960173433864,33.4480086716932,2,54.0000000442301,22.8616331271352,6.4139587093961e-08
"3","Rubble",6.25925509106102,3.12962754553051,2,54.000000138041,4.69382580801573,0.0131979242588411
"4","Sand",54.1522237830638,27.0761118915319,2,53.9999999738546,6.19866816667986,0.00377193129691742
"5","Mixed",262.294050468116,131.147025234058,2,240.999999550244,75.0763475082984,4.52190312798659e-26
