"","Estimate","Std..Error","df","t.value","Pr...t.."
"(Intercept)",-7.57336050663599,1.35007291850959,56.2489518875173,-5.60959367661162,6.42701493736792e-07
"TankOmegaArag",2.65876275468227,0.468552072788116,51.0295985003532,5.67442320521885,6.59655834484992e-07
"NutLevelMed",2.06657912566949,1.76784691740034,56.7473100851843,1.1689808123819,0.247298486717429
"NutLevelHigh",2.52087642135024,1.59168908813331,56.9991542170361,1.58377439422334,0.118778312917443
"TankOmegaArag:NutLevelMed",-0.957847329249105,0.614173393116763,51.4112646442944,-1.55957151511935,0.124996392580664
"TankOmegaArag:NutLevelHigh",-1.05724061082043,0.55148457769855,51.7653925346963,-1.91708100928678,0.0607545068117223
